<?xml version="1.0" encoding="UTF-8"?>
<project-private xmlns="http://www.netbeans.org/ns/project-private/1">
    <editor-bookmarks xmlns="http://www.netbeans.org/ns/editor-bookmarks/2" lastBookmarkId="0"/>
    <open-files xmlns="http://www.netbeans.org/ns/projectui-open-files/2">
        <group>
            <file>file:/C:/Users/USER/Documents/NetBeansProjects/ClothingStore/src/clothingstore/FindCustomer.java</file>
            <file>file:/C:/Users/USER/Documents/NetBeansProjects/ClothingStore/src/clothingstore/RecordSales.java</file>
            <file>file:/C:/Users/USER/Documents/NetBeansProjects/ClothingStore/src/clothingstore/Menu.java</file>
            <file>file:/C:/Users/USER/Documents/NetBeansProjects/ClothingStore/src/clothingstore/AddProduct.java</file>
            <file>file:/C:/Users/USER/Documents/NetBeansProjects/ClothingStore/src/clothingstore/ShowCustomers.java</file>
            <file>file:/C:/Users/USER/Documents/NetBeansProjects/ClothingStore/src/clothingstore/Controller.java</file>
            <file>file:/C:/Users/USER/Documents/NetBeansProjects/ClothingStore/src/clothingstore/Customer.java</file>
            <file>file:/C:/Users/USER/Documents/NetBeansProjects/ClothingStore/src/clothingstore/Product.java</file>
            <file>file:/C:/Users/USER/Documents/NetBeansProjects/ClothingStore/src/clothingstore/Login.java</file>
            <file>file:/C:/Users/USER/Documents/NetBeansProjects/ClothingStore/src/clothingstore/ClothingStore.java</file>
            <file>file:/C:/Users/USER/Documents/NetBeansProjects/ClothingStore/src/clothingstore/FindProduct.java</file>
            <file>file:/C:/Users/USER/Documents/NetBeansProjects/ClothingStore/src/clothingstore/AvailableProducts.java</file>
        </group>
    </open-files>
</project-private>
